{
  "model": "fraud_application",
  "library": "xgboost",
  "rows": {
    "train": 112560,
    "val": 24120,
    "test": 24120
  },
  "positive_rate_train": 0.063,
  "threshold_val_maxF1": 0.702707,
  "test": {
    "accuracy": 0.8827,
    "precision": 0.3575,
    "recall": 0.4086,
    "f1": 0.3814,
    "roc_auc": 0.7927,
    "confusion_matrix": {
      "tn": 20419.0,
      "fp": 1567.0,
      "fn": 1262.0,
      "tp": 872.0
    }
  },
  "test_population_weighted": {
    "accuracy": 0.9212,
    "precision": 0.0778,
    "recall": 0.4086,
    "f1": 0.1308,
    "roc_auc": 0.7927,
    "confusion_matrix": {
      "tn": 134625.32565996802,
      "fp": 10331.450380000219,
      "fn": 1262.0,
      "tp": 872.0
    }
  },
  "latency": {
    "single_row_ms": {
      "mean": 1.714,
      "p50": 1.456,
      "p95": 1.854
    },
    "batch_rows": 10000,
    "batch_rows_per_sec": 2394028
  },
  "single_feature_leak_audit": [],
  "best_iteration": 56,
  "shap_top_features": {
    "device_os": 0.62179,
    "account_age_s": 0.37325,
    "customer_age": 0.32662,
    "income": 0.31708,
    "email_is_free": 0.29476,
    "amount": 0.22666,
    "duration_s": 0.10402,
    "f_log1p_amount": 0.04618,
    "f_dayofweek": 0.02425,
    "is_foreign_request": 0.02323,
    "f_hour_cos": 0.02165,
    "f_hour": 0.02142,
    "session_length_s": 0.01878,
    "f_hour_sin": 0.01664,
    "f_is_weekend": 0.00426
  }
}