{
  "model": "behaviour",
  "library": "lightgbm",
  "rows": {
    "train": 210453,
    "val": 45097,
    "test": 45098
  },
  "positive_rate_train": 0.4864,
  "threshold_val_maxF1": 0.488841,
  "test": {
    "accuracy": 0.6567,
    "precision": 0.631,
    "recall": 0.9168,
    "f1": 0.7476,
    "roc_auc": 0.7033,
    "confusion_matrix": {
      "tn": 6693.0,
      "fp": 13403.0,
      "fn": 2079.0,
      "tp": 22923.0
    }
  },
  "test_population_weighted": {
    "accuracy": 0.7388,
    "precision": 0.7581,
    "recall": 0.9168,
    "f1": 0.8299,
    "roc_auc": 0.7033,
    "confusion_matrix": {
      "tn": 75422.79231999298,
      "fp": 151037.15605331116,
      "fn": 42924.988259998514,
      "tp": 473289.80562011554
    }
  },
  "latency": {
    "single_row_ms": {
      "mean": 0.91,
      "p50": 0.739,
      "p95": 1.712
    },
    "batch_rows": 10000,
    "batch_rows_per_sec": 4450794
  },
  "single_feature_leak_audit": [],
  "best_iteration": 21,
  "shap_top_features": {
    "f_device_seq_no": 0.50967,
    "f_user_secs_since_last": 0.20719,
    "f_user_seq_no": 0.20629,
    "event_subtype": 0.16845,
    "f_hour": 0.13469,
    "duration_s": 0.06084,
    "f_user_new_country": 0.02034,
    "f_is_night": 0.01602,
    "f_hour_cos": 0.0112,
    "f_dayofweek": 0.01084,
    "f_hour_sin": 0.0031,
    "f_is_weekend": 0.00217,
    "event_type": 0.0
  }
}