{
  "fraud": {
    "model": "fraud",
    "library": "xgboost",
    "rows": {
      "train": 328767,
      "val": 70451,
      "test": 70451
    },
    "positive_rate_train": 0.0338,
    "threshold_val_maxF1": 0.756222,
    "test": {
      "accuracy": 0.9141,
      "precision": 0.5101,
      "recall": 0.4855,
      "f1": 0.4975,
      "roc_auc": 0.838,
      "confusion_matrix": {
        "tn": 61408.0,
        "fp": 2876.0,
        "fn": 3173.0,
        "tp": 2994.0
      }
    },
    "test_population_weighted": {
      "accuracy": 0.9368,
      "precision": 0.0461,
      "recall": 0.4855,
      "f1": 0.0842,
      "roc_auc": 0.8257,
      "confusion_matrix": {
        "tn": 962642.0963600893,
        "fp": 61921.12821333486,
        "fn": 3173.0,
        "tp": 2994.0
      }
    },
    "latency": {
      "single_row_ms": {
        "mean": 1.394,
        "p50": 1.387,
        "p95": 1.438
      },
      "batch_rows": 10000,
      "batch_rows_per_sec": 1926123
    },
    "best_iteration": 175,
    "shap_top_features": {
      "amount": 1.10318,
      "event_type": 0.47698,
      "f_log1p_amount": 0.36547,
      "duration_s": 0.29866,
      "f_hour": 0.29109,
      "f_dayofweek": 0.16508,
      "f_hour_sin": 0.10826,
      "f_hour_cos": 0.07254,
      "f_user_seq_no": 0.05062,
      "f_is_night": 0.01915,
      "f_is_weekend": 0.01013,
      "f_amount_ratio_mean": 0.0,
      "f_user_past_malicious_rate": 0.0,
      "f_user_secs_since_last": 0.0,
      "f_amount_z_user": 0.0
    }
  },
  "cyber": {
    "model": "cyber",
    "library": "lightgbm",
    "rows": {
      "train": 416404,
      "val": 89230,
      "test": 89231
    },
    "positive_rate_train": 0.7111,
    "threshold_val_maxF1": 0.257323,
    "test": {
      "accuracy": 0.9705,
      "precision": 0.9552,
      "recall": 0.969,
      "f1": 0.962,
      "roc_auc": 0.9975,
      "confusion_matrix": {
        "tn": 53221.0,
        "fp": 1565.0,
        "fn": 1069.0,
        "tp": 33376.0
      }
    },
    "test_population_weighted": {
      "accuracy": 0.9962,
      "precision": 0.996,
      "recall": 0.9973,
      "f1": 0.9966,
      "roc_auc": 1.0,
      "confusion_matrix": {
        "tn": 302831.6178800898,
        "fp": 1565.0,
        "fn": 1069.0,
        "tp": 388632.5354665319
      }
    },
    "latency": {
      "single_row_ms": {
        "mean": 0.959,
        "p50": 0.792,
        "p95": 2.243
      },
      "batch_rows": 10000,
      "batch_rows_per_sec": 1848495
    },
    "best_iteration": 188,
    "shap_top_features": {
      "f_device_past_hisev_count": 4.37078,
      "dst_port": 2.93236,
      "f_user_past_malicious_rate": 2.32095,
      "duration_s": 0.77721,
      "f_bytes_ratio": 0.60652,
      "f_hour": 0.49919,
      "bytes_out": 0.49495,
      "f_log1p_bytes_in": 0.4459,
      "f_user_seq_no": 0.4097,
      "f_user_secs_since_last": 0.25021,
      "f_log1p_bytes_out": 0.23169,
      "f_device_seq_no": 0.22501,
      "f_dayofweek": 0.14473,
      "event_subtype": 0.10945,
      "protocol": 0.10271
    }
  },
  "behaviour": {
    "model": "behaviour",
    "library": "isolation_forest",
    "rows": {
      "train": 315432,
      "val": 45097,
      "test": 45098
    },
    "positive_rate_train": 0.3245,
    "threshold_val_maxF1": -0.0041,
    "test": {
      "accuracy": 0.6093,
      "precision": 0.5879,
      "recall": 0.9869,
      "f1": 0.7369,
      "roc_auc": 0.5843,
      "confusion_matrix": {
        "tn": 2803.0,
        "fp": 17293.0,
        "fn": 327.0,
        "tp": 24675.0
      }
    },
    "test_population_weighted": {
      "accuracy": 0.7285,
      "precision": 0.7233,
      "recall": 0.9869,
      "f1": 0.8348,
      "roc_auc": 0.5843,
      "confusion_matrix": {
        "tn": 31586.74538666805,
        "fp": 194873.2029866357,
        "fn": 6751.549379999964,
        "tp": 509463.24450012605
      }
    },
    "latency": {
      "single_row_ms": {
        "mean": 14.12,
        "p50": 13.956,
        "p95": 15.327
      },
      "batch_rows": 10000,
      "batch_rows_per_sec": 123993
    },
    "shap_top_features": {
      "f_user_seq_no": 0.65173,
      "f_device_seq_no": 0.61509,
      "f_device_past_hisev_count": 0.57888,
      "f_is_weekend": 0.3278,
      "f_is_night": 0.27539,
      "f_hour_cos": 0.17264,
      "f_user_new_country": 0.15697,
      "f_user_past_malicious_rate": 0.14304,
      "f_dayofweek": 0.14216,
      "f_hour": 0.11966,
      "country": 0.09488,
      "f_user_secs_since_last": 0.09194,
      "event_subtype": 0.08402,
      "f_hour_sin": 0.05997,
      "event_type": 0.052
    }
  },
  "quantum": {
    "model": "quantum",
    "library": "xgboost",
    "rows": {
      "train": 108827,
      "val": 23320,
      "test": 23321
    },
    "positive_rate_train": 0.0349,
    "threshold_val_maxF1": 0.964101,
    "test": {
      "accuracy": 0.9997,
      "precision": 0.9916,
      "recall": 1.0,
      "f1": 0.9958,
      "roc_auc": 1.0,
      "confusion_matrix": {
        "tn": 22491.0,
        "fp": 7.0,
        "fn": 0.0,
        "tp": 823.0
      }
    },
    "test_population_weighted": {
      "accuracy": 0.9997,
      "precision": 0.9863,
      "recall": 1.0,
      "f1": 0.9931,
      "roc_auc": 1.0,
      "confusion_matrix": {
        "tn": 36676.373579986815,
        "fp": 11.414993333333332,
        "fn": 0.0,
        "tp": 823.0
      }
    },
    "latency": {
      "single_row_ms": {
        "mean": 1.48,
        "p50": 1.392,
        "p95": 1.58
      },
      "batch_rows": 10000,
      "batch_rows_per_sec": 3021139
    },
    "best_iteration": 119,
    "shap_top_features": {
      "q_data_class": 4.24012,
      "q_cert_key_type": 2.28059,
      "bytes_out": 2.26947,
      "event_subtype": 1.48609,
      "q_key_exchange": 0.73574,
      "f_log1p_bytes_out": 0.59176,
      "q_cert_age_days": 0.0517,
      "f_device_seq_no": 0.03187,
      "country": 0.025,
      "f_hour_cos": 0.02188,
      "f_hour_sin": 0.01156,
      "q_cert_validity_days": 0.01094,
      "f_hour": 0.00897,
      "f_dayofweek": 0.00567,
      "f_is_night": 0.00403
    }
  }
}