{
  "fraud": {
    "model": "fraud",
    "library": "xgboost",
    "rows": {
      "train": 328767,
      "val": 70451,
      "test": 70451
    },
    "positive_rate_train": 0.0338,
    "threshold_val_maxF1": 0.756222,
    "test": {
      "accuracy": 0.9141,
      "precision": 0.5101,
      "recall": 0.4855,
      "f1": 0.4975,
      "roc_auc": 0.838,
      "confusion_matrix": {
        "tn": 61408.0,
        "fp": 2876.0,
        "fn": 3173.0,
        "tp": 2994.0
      }
    },
    "test_population_weighted": {
      "accuracy": 0.9368,
      "precision": 0.0461,
      "recall": 0.4855,
      "f1": 0.0842,
      "roc_auc": 0.8257,
      "confusion_matrix": {
        "tn": 962642.0963600893,
        "fp": 61921.12821333486,
        "fn": 3173.0,
        "tp": 2994.0
      }
    },
    "latency": {
      "single_row_ms": {
        "mean": 1.383,
        "p50": 1.374,
        "p95": 1.455
      },
      "batch_rows": 10000,
      "batch_rows_per_sec": 1949036
    },
    "best_iteration": 175,
    "shap_top_features": {
      "amount": 1.10318,
      "event_type": 0.47698,
      "f_log1p_amount": 0.36547,
      "duration_s": 0.29866,
      "f_hour": 0.29109,
      "f_dayofweek": 0.16508,
      "f_hour_sin": 0.10826,
      "f_hour_cos": 0.07254,
      "f_user_seq_no": 0.05062,
      "f_is_night": 0.01915,
      "f_is_weekend": 0.01013,
      "f_amount_ratio_mean": 0.0,
      "f_user_past_malicious_rate": 0.0,
      "f_user_secs_since_last": 0.0,
      "f_amount_z_user": 0.0
    }
  },
  "cyber": {
    "model": "cyber",
    "library": "lightgbm",
    "rows": {
      "train": 416404,
      "val": 89230,
      "test": 89231
    },
    "positive_rate_train": 0.7111,
    "threshold_val_maxF1": 0.257323,
    "test": {
      "accuracy": 0.9705,
      "precision": 0.9552,
      "recall": 0.969,
      "f1": 0.962,
      "roc_auc": 0.9975,
      "confusion_matrix": {
        "tn": 53221.0,
        "fp": 1565.0,
        "fn": 1069.0,
        "tp": 33376.0
      }
    },
    "test_population_weighted": {
      "accuracy": 0.9962,
      "precision": 0.996,
      "recall": 0.9973,
      "f1": 0.9966,
      "roc_auc": 1.0,
      "confusion_matrix": {
        "tn": 302831.6178800898,
        "fp": 1565.0,
        "fn": 1069.0,
        "tp": 388632.5354665319
      }
    },
    "latency": {
      "single_row_ms": {
        "mean": 0.776,
        "p50": 0.771,
        "p95": 0.803
      },
      "batch_rows": 10000,
      "batch_rows_per_sec": 1908902
    },
    "best_iteration": 188,
    "shap_top_features": {
      "f_device_past_hisev_count": 4.36064,
      "dst_port": 2.93236,
      "f_user_past_malicious_rate": 2.32037,
      "duration_s": 0.78413,
      "f_bytes_ratio": 0.60653,
      "f_hour": 0.49714,
      "bytes_out": 0.49552,
      "f_log1p_bytes_in": 0.4459,
      "f_user_seq_no": 0.4097,
      "f_user_secs_since_last": 0.25021,
      "f_log1p_bytes_out": 0.23251,
      "f_device_seq_no": 0.21857,
      "f_dayofweek": 0.14473,
      "event_subtype": 0.10945,
      "protocol": 0.10271
    }
  },
  "behaviour": {
    "model": "behaviour",
    "library": "lightgbm",
    "rows": {
      "train": 210453,
      "val": 45097,
      "test": 45098
    },
    "positive_rate_train": 0.4864,
    "threshold_val_maxF1": 0.366164,
    "test": {
      "accuracy": 0.7812,
      "precision": 0.7326,
      "recall": 0.9531,
      "f1": 0.8285,
      "roc_auc": 0.8167,
      "confusion_matrix": {
        "tn": 11400.0,
        "fp": 8696.0,
        "fn": 1172.0,
        "tp": 23830.0
      }
    },
    "test_population_weighted": {
      "accuracy": 0.8355,
      "precision": 0.8339,
      "recall": 0.9531,
      "f1": 0.8895,
      "roc_auc": 0.8167,
      "confusion_matrix": {
        "tn": 128465.53599998234,
        "fp": 97994.41237332179,
        "fn": 24198.21367999967,
        "tp": 492016.580200121
      }
    },
    "latency": {
      "single_row_ms": {
        "mean": 0.589,
        "p50": 0.586,
        "p95": 0.612
      },
      "batch_rows": 10000,
      "batch_rows_per_sec": 9356707
    },
    "best_iteration": 12,
    "shap_top_features": {
      "country": 0.75473,
      "f_user_past_malicious_rate": 0.09201,
      "f_device_past_hisev_count": 0.08884,
      "f_user_seq_no": 0.06777,
      "f_device_seq_no": 0.03767,
      "event_subtype": 0.02918,
      "f_hour": 0.01897,
      "duration_s": 0.01175,
      "f_is_night": 0.00982,
      "f_hour_cos": 0.00761,
      "f_user_secs_since_last": 0.00493,
      "f_user_new_country": 0.00226,
      "f_hour_sin": 0.00159,
      "f_dayofweek": 0.00055,
      "f_is_weekend": 0.0
    }
  },
  "quantum": {
    "model": "quantum",
    "library": "xgboost",
    "rows": {
      "train": 108827,
      "val": 23320,
      "test": 23321
    },
    "positive_rate_train": 0.0349,
    "threshold_val_maxF1": 0.964101,
    "test": {
      "accuracy": 0.9997,
      "precision": 0.9916,
      "recall": 1.0,
      "f1": 0.9958,
      "roc_auc": 1.0,
      "confusion_matrix": {
        "tn": 22491.0,
        "fp": 7.0,
        "fn": 0.0,
        "tp": 823.0
      }
    },
    "test_population_weighted": {
      "accuracy": 0.9997,
      "precision": 0.9863,
      "recall": 1.0,
      "f1": 0.9931,
      "roc_auc": 1.0,
      "confusion_matrix": {
        "tn": 36676.373579986815,
        "fp": 11.414993333333332,
        "fn": 0.0,
        "tp": 823.0
      }
    },
    "latency": {
      "single_row_ms": {
        "mean": 1.398,
        "p50": 1.379,
        "p95": 1.496
      },
      "batch_rows": 10000,
      "batch_rows_per_sec": 3039892
    },
    "best_iteration": 119,
    "shap_top_features": {
      "q_data_class": 4.24012,
      "q_cert_key_type": 2.28059,
      "bytes_out": 2.26947,
      "event_subtype": 1.48609,
      "q_key_exchange": 0.73574,
      "f_log1p_bytes_out": 0.59176,
      "q_cert_age_days": 0.0517,
      "f_device_seq_no": 0.03187,
      "country": 0.025,
      "f_hour_cos": 0.02188,
      "f_hour_sin": 0.01156,
      "q_cert_validity_days": 0.01094,
      "f_hour": 0.00897,
      "f_dayofweek": 0.00567,
      "f_is_night": 0.00403
    }
  },
  "fusion": {
    "cross_domain_roc_auc": 0.9717,
    "test_events_fused": 250597
  }
}