,count,mean,std,min,25%,50%,75%,max
step,6362620.0,243.39724563151657,142.33197104912983,1.0,156.0,239.0,335.0,743.0
amount,6362620.0,179861.90354913071,603858.2314629357,0.0,13389.57,74871.94,208721.4775,92445516.64
oldbalanceOrg,6362620.0,833883.1040744866,2888242.6730375565,0.0,0.0,14208.0,107315.175,59585040.37
newbalanceOrig,6362620.0,855113.6685785886,2924048.5029542656,0.0,0.0,0.0,144258.41,49585040.37
oldbalanceDest,6362620.0,1100701.666519649,3399180.1129944758,0.0,0.0,132705.66499999998,943036.7075,356015889.35
newbalanceDest,6362620.0,1224996.3982019294,3674128.9421196375,0.0,0.0,214661.44,1111909.25,356179278.92
isFraud,6362620.0,0.001290820448180152,0.03590479680160415,0.0,0.0,0.0,0.0,1.0
isFlaggedFraud,6362620.0,2.51468734577894e-06,0.0015857747057365491,0.0,0.0,0.0,0.0,1.0
orig_balance_inconsistent,6362620.0,0.46761538485718146,0.49895017369394257,0.0,0.0,0.0,1.0,1.0
