,count,mean,std,min,25%,50%,75%,max
bytes_out,250000.0,388390.359076,7198505.613634925,0.0,2328.0,13447.0,77497.75,2140087618.0
cert_age_days,250000.0,364.715712,210.46943130502137,1.0,182.0,365.0,547.0,729.0
cert_validity_days,250000.0,287.474876,232.65603437715933,90.0,90.0,365.0,365.0,1095.0
quantum_exposed,250000.0,0.89654,0.304559352878216,0.0,1.0,1.0,1.0,1.0
label_hndl,250000.0,0.021572,0.14528156539262982,0.0,0.0,0.0,0.0,1.0
severity,250000.0,1.004756,0.6172510870461209,0.0,1.0,1.0,1.0,4.0
